titulo,link,origem,data_coleta
VAGA | Desenvolvedor(a) Python / Django SêniorNOVA,,Programathor,2026-02-04
Desenvolvedor(a) Java PlenoNOVA,,Programathor,2026-02-04
Desenvolvedor(a) Android Sênior – Kotlin MultiplatformNOVA,,Programathor,2026-02-04
Senior Webflow Developer,,Programathor,2026-02-04
Senior Frontend Engineer,,Programathor,2026-02-04
QA Senior - Presencial em Campinas,,Programathor,2026-02-04
Desenvolvedor(a) PHP + JavaScript - Júnior,,Programathor,2026-02-04
Front-End React Sênior – Presencial em Campinas,,Programathor,2026-02-04
Desenvolvedor(a) Pleno - PHP,,Programathor,2026-02-04
Desenvolvedor(a) Web (MAXICON SISTEMAS),,Programathor,2026-02-04
📍 PRESENCIAL - SOMENTE PARA CANDIDATOS NO LOCALDesenvolvedor(a) Júnior .Net/C#,,Programathor,2026-02-04
Data Science,,Programathor,2026-02-04
Desenvolvedor(a) Backend NodeJS Sênior/Especialista,,Programathor,2026-02-04
Desenvolvedor(a) C# .NET 9 Sênior,,Programathor,2026-02-04
DESENVOLVEDOR(A) JavaScript Jr.,,Programathor,2026-02-04
Analista Desenvolvedor,,Programathor,2026-02-04
Desenvolvedor(a) Backend Python - Sênior,,Programathor,2026-02-04
Backend Developer Go,,Programathor,2026-02-04
Desenvolvedor(a) Front End Júnior,,Programathor,2026-02-04
Desenvolvedor(a) Sênior JAVA COM ANGULAR,,Programathor,2026-02-04
Programador(a) Full Stack Pleno,,Programathor,2026-02-04
Senior AI Architect – Agentic GenAI (Cybersecurity),,Programathor,2026-02-04
Programador(a) Full Stack - Full-Time,,Programathor,2026-02-04
Desenvolvedor(a) Senior FullStack React/ C# ( ASP. Net Core),,Programathor,2026-02-04
Desenvolvedor(a) TOTVS Protheus - Sênior,,Programathor,2026-02-04
Desenvolvedor(a) Web Full Stack - Pleno,,Programathor,2026-02-04
Software Engineer Pleno,,Programathor,2026-02-04
Desenvolvedor(a) FullStack Caché Sênior,,Programathor,2026-02-04
Desenvolvedor(a) Back End - Sênior,,Programathor,2026-02-04
Sênior Java Developer | Specialist em IA e Processamento de Documentos,,Programathor,2026-02-04
